{
    "name": "fvtt-iconizer",
    "title": "Iconizer",
    "description": "A simple module that sets icons automatically",
    "authors": [
        {
          "name": "Snogard",
          "email": "",
          "url": ""
        }
    ],
      
    "languages": [
        {
            "lang": "en",
            "name": "English",
            "path": "lang/en.json"
        }
    ],

    "scripts": [],
    "esmodules" : [],
    "styles": [],
    "packs": [],

    "version": "0.0.1",
    "minimumCoreVersion": "0.5.3",
    "url": "https://github.com/Snogard/fvtt-iconizer",
    "manifest": "https://raw.githubusercontent.com/Snogard/fvtt-iconizer/master/module.json",
    "download": "",
    "license": "https://raw.githubusercontent.com/Snogard/fvtt-iconizer/master/license.md",
    "bugs": "https://github.com/Snogard/fvtt-iconizer/issues",
    "changelog" : "https://raw.githubusercontent.com/Snogard/fvtt-iconizer/master/changelog.md"
  }